<ColorScheme xmlns:xsd="http://www.w3.org/2001/XMLSchema" xmlns:xsi="http://www.w3.org/2001/XMLSchema-instance"><Name>Dark Theme</Name><ChartBackground Web="#393939" /><ChartForeground Web="#EAEAEA" /><Primary Web="#936EE3" /><Secondary Web="#DFB988" /><MouseMovement Web="#ED6767" /><Field Web="#515151" /><OnField Web="#B8B8B8" /><OnFocusedField Web="#F0F0F0" /><EditedField Web="#74651F" /><OnEditedField Web="#E8E3DE" /><ButtonFace Web="#646464" /><ButtonBorder Web="Gray" /><Control Web="#404040" /><ControlBorder Web="Gray" /><OnControl Web="#EAEAEA" /><DisabledControl Web="#7E7E7E" /><OnDisabledControl Web="LightGrey" /><Background Web="#393939" /><OnBackground Web="#EAEAEA" /><Surface Web="#303030" /><MenuBackground Web="#303030" /><MenuSelectedBorder Web="#404040" /><MenuSelected Web="#4D4D4D" /><CheckBoxBackground Web="#575757" /><CheckBoxBorder Web="#666666" /><CheckBoxHover Web="#878787" /><CheckBoxChecked Web="#B8B8B8" /><UseAccentGradientsForCheckboxes>false</UseAccentGradientsForCheckboxes><UseAccentGradientsForButtons>false</UseAccentGradientsForButtons></ColorScheme>